{
  "mStart": 11,
  "mEnd": 25,
  "restartsPerM": 12000,
  "rows": [
    {
      "m": 11,
      "restarts": 12000,
      "valid_samples": 12000,
      "iso_objective_best": {
        "set": [
          1,
          3,
          7,
          12,
          19,
          22,
          36,
          44,
          64,
          90,
          91
        ],
        "m": 11,
        "maxA": 91,
        "t": 66,
        "isolated": 18,
        "isolated_over_m2": 0.1487603305785124,
        "avg_sq_gap": 22.606060606060606,
        "avg_sq_gap_over_m": 2.0550964187327825,
        "max_consecutive_run": 5,
        "max_run_over_m": 0.45454545454545453
      },
      "avg_sq_objective_best": {
        "set": [
          1,
          3,
          11,
          18,
          22,
          23,
          36,
          52,
          75,
          78,
          84
        ],
        "m": 11,
        "maxA": 84,
        "t": 66,
        "isolated": 25,
        "isolated_over_m2": 0.2066115702479339,
        "avg_sq_gap": 11.272727272727273,
        "avg_sq_gap_over_m": 1.0247933884297522,
        "max_consecutive_run": 6,
        "max_run_over_m": 0.5454545454545454
      }
    },
    {
      "m": 12,
      "restarts": 12000,
      "valid_samples": 12000,
      "iso_objective_best": {
        "set": [
          1,
          2,
          7,
          11,
          19,
          26,
          39,
          42,
          53,
          75,
          96,
          122
        ],
        "m": 12,
        "maxA": 122,
        "t": 78,
        "isolated": 24,
        "isolated_over_m2": 0.16666666666666666,
        "avg_sq_gap": 26.82051282051282,
        "avg_sq_gap_over_m": 2.235042735042735,
        "max_consecutive_run": 4,
        "max_run_over_m": 0.3333333333333333
      },
      "avg_sq_objective_best": {
        "set": [
          1,
          3,
          6,
          12,
          13,
          26,
          34,
          50,
          68,
          85,
          100,
          104
        ],
        "m": 12,
        "maxA": 104,
        "t": 78,
        "isolated": 28,
        "isolated_over_m2": 0.19444444444444445,
        "avg_sq_gap": 14.076923076923077,
        "avg_sq_gap_over_m": 1.1730769230769231,
        "max_consecutive_run": 5,
        "max_run_over_m": 0.4166666666666667
      }
    },
    {
      "m": 13,
      "restarts": 12000,
      "valid_samples": 12000,
      "iso_objective_best": {
        "set": [
          1,
          3,
          11,
          16,
          20,
          27,
          41,
          47,
          59,
          82,
          104,
          132,
          133
        ],
        "m": 13,
        "maxA": 133,
        "t": 91,
        "isolated": 28,
        "isolated_over_m2": 0.16568047337278108,
        "avg_sq_gap": 23.318681318681318,
        "avg_sq_gap_over_m": 1.7937447168216398,
        "max_consecutive_run": 4,
        "max_run_over_m": 0.3076923076923077
      },
      "avg_sq_objective_best": {
        "set": [
          1,
          3,
          10,
          18,
          22,
          28,
          42,
          58,
          71,
          93,
          104,
          127,
          130
        ],
        "m": 13,
        "maxA": 130,
        "t": 91,
        "isolated": 49,
        "isolated_over_m2": 0.28994082840236685,
        "avg_sq_gap": 15.31868131868132,
        "avg_sq_gap_over_m": 1.1783601014370246,
        "max_consecutive_run": 6,
        "max_run_over_m": 0.46153846153846156
      }
    },
    {
      "m": 14,
      "restarts": 12000,
      "valid_samples": 12000,
      "iso_objective_best": {
        "set": [
          1,
          3,
          9,
          18,
          22,
          25,
          36,
          48,
          68,
          73,
          102,
          130,
          170,
          171
        ],
        "m": 14,
        "maxA": 171,
        "t": 105,
        "isolated": 36,
        "isolated_over_m2": 0.1836734693877551,
        "avg_sq_gap": 35.44761904761905,
        "avg_sq_gap_over_m": 2.5319727891156463,
        "max_consecutive_run": 6,
        "max_run_over_m": 0.42857142857142855
      },
      "avg_sq_objective_best": {
        "set": [
          1,
          2,
          9,
          15,
          19,
          24,
          35,
          54,
          56,
          81,
          105,
          117,
          145,
          148
        ],
        "m": 14,
        "maxA": 148,
        "t": 105,
        "isolated": 41,
        "isolated_over_m2": 0.20918367346938777,
        "avg_sq_gap": 18.495238095238093,
        "avg_sq_gap_over_m": 1.3210884353741494,
        "max_consecutive_run": 6,
        "max_run_over_m": 0.42857142857142855
      }
    },
    {
      "m": 15,
      "restarts": 12000,
      "valid_samples": 12000,
      "iso_objective_best": {
        "set": [
          1,
          3,
          8,
          17,
          21,
          27,
          38,
          50,
          65,
          90,
          93,
          124,
          146,
          191,
          192
        ],
        "m": 15,
        "maxA": 192,
        "t": 120,
        "isolated": 40,
        "isolated_over_m2": 0.17777777777777778,
        "avg_sq_gap": 35.083333333333336,
        "avg_sq_gap_over_m": 2.338888888888889,
        "max_consecutive_run": 5,
        "max_run_over_m": 0.3333333333333333
      },
      "avg_sq_objective_best": {
        "set": [
          1,
          2,
          7,
          15,
          19,
          26,
          35,
          56,
          58,
          85,
          100,
          131,
          153,
          179,
          189
        ],
        "m": 15,
        "maxA": 189,
        "t": 120,
        "isolated": 52,
        "isolated_over_m2": 0.2311111111111111,
        "avg_sq_gap": 18.983333333333334,
        "avg_sq_gap_over_m": 1.2655555555555555,
        "max_consecutive_run": 7,
        "max_run_over_m": 0.4666666666666667
      }
    },
    {
      "m": 16,
      "restarts": 12000,
      "valid_samples": 12000,
      "iso_objective_best": {
        "set": [
          1,
          3,
          7,
          15,
          26,
          31,
          41,
          48,
          68,
          77,
          112,
          125,
          143,
          164,
          232,
          233
        ],
        "m": 16,
        "maxA": 233,
        "t": 136,
        "isolated": 46,
        "isolated_over_m2": 0.1796875,
        "avg_sq_gap": 52.14705882352941,
        "avg_sq_gap_over_m": 3.2591911764705883,
        "max_consecutive_run": 6,
        "max_run_over_m": 0.375
      },
      "avg_sq_objective_best": {
        "set": [
          1,
          2,
          6,
          17,
          23,
          30,
          42,
          50,
          60,
          92,
          95,
          126,
          152,
          190,
          199,
          213
        ],
        "m": 16,
        "maxA": 213,
        "t": 136,
        "isolated": 53,
        "isolated_over_m2": 0.20703125,
        "avg_sq_gap": 18.602941176470587,
        "avg_sq_gap_over_m": 1.1626838235294117,
        "max_consecutive_run": 5,
        "max_run_over_m": 0.3125
      }
    },
    {
      "m": 17,
      "restarts": 12000,
      "valid_samples": 12000,
      "iso_objective_best": {
        "set": [
          1,
          3,
          13,
          16,
          24,
          33,
          38,
          57,
          64,
          91,
          107,
          136,
          164,
          200,
          206,
          265,
          266
        ],
        "m": 17,
        "maxA": 266,
        "t": 153,
        "isolated": 53,
        "isolated_over_m2": 0.18339100346020762,
        "avg_sq_gap": 47.96078431372549,
        "avg_sq_gap_over_m": 2.8212226066897346,
        "max_consecutive_run": 7,
        "max_run_over_m": 0.4117647058823529
      },