{
  "problem": "EP-158",
  "script": "ep158_b2_2_random_scan.mjs",
  "method": "random_order_greedy_B2_2_construction",
  "n_list": [
    200,
    400,
    800,
    1200,
    1800,
    2600,
    3600,
    5000,
    6000,
    8000,
    10000,
    14000,
    18000,
    22000
  ],
  "restarts": 160,
  "seed": 1582026,
  "rows": [
    {
      "N": 200,
      "restarts": 160,
      "best_size": 24,
      "avg_size": 21.9688,
      "best_over_sqrtN": 1.697056,
      "avg_over_sqrtN": 1.553425,
      "best_set_prefix": [
        1,
        4,
        6,
        9,
        10,
        12,
        30,
        34,
        51,
        60,
        62,
        74,
        83,
        85,
        87,
        134,
        152,
        153,
        165,
        172,
        175,
        182,
        187,
        199
      ]
    },
    {
      "N": 400,
      "restarts": 160,
      "best_size": 31,
      "avg_size": 29.2813,
      "best_over_sqrtN": 1.55,
      "avg_over_sqrtN": 1.464063,
      "best_set_prefix": [
        3,
        6,
        17,
        21,
        23,
        30,
        32,
        58,
        59,
        66,
        67,
        81,
        89,
        114,
        143,
        146,
        171,
        174,
        191,
        217,
        238,
        266,
        271,
        297,
        336,
        347,
        366,
        369,
        371,
        372,
        376
      ]
    },
    {
      "N": 800,
      "restarts": 160,
      "best_size": 42,
      "avg_size": 39.1313,
      "best_over_sqrtN": 1.484924,
      "avg_over_sqrtN": 1.383499,
      "best_set_prefix": [
        3,
        4,
        10,
        13,
        24,
        49,
        53,
        59,
        77,
        81,
        115,
        135,
        146,
        171,
        228,
        230,
        244,
        262,
        295,
        320,
        367,
        395,
        430,
        470,
        476,
        489,
        491,
        494,
        596,
        620,
        632,
        646,
        664,
        684,
        691,
        721,
        733,
        738,
        772,
        774
      ]
    },
    {
      "N": 1200,
      "restarts": 160,
      "best_size": 49,
      "avg_size": 46.4625,
      "best_over_sqrtN": 1.414508,
      "avg_over_sqrtN": 1.341257,
      "best_set_prefix": [
        5,
        23,
        47,
        52,
        65,
        78,
        85,
        161,
        168,
        177,
        188,
        212,
        303,
        313,
        326,
        333,
        407,
        470,
        475,
        476,
        485,
        518,
        526,
        590,
        650,
        678,
        702,
        749,
        768,
        810,
        824,
        846,
        856,
        871,
        911,
        919,
        937,
        1003,
        1014,
        1062
      ]
    },
    {
      "N": 1800,
      "restarts": 160,
      "best_size": 58,
      "avg_size": 55.025,
      "best_over_sqrtN": 1.367073,
      "avg_over_sqrtN": 1.296952,
      "best_set_prefix": [
        2,
        24,
        25,
        48,
        62,
        63,
        142,
        151,
        152,
        160,
        255,
        265,
        349,
        423,
        447,
        483,
        579,
        650,
        698,
        716,
        723,
        757,
        775,
        786,
        859,
        953,
        997,
        1097,
        1112,
        1113,
        1141,
        1198,
        1249,
        1281,
        1288,
        1291,
        1307,
        1314,
        1323,
        1341
      ]
    },
    {
      "N": 2600,
      "restarts": 160,
      "best_size": 67,
      "avg_size": 64.25,
      "best_over_sqrtN": 1.313978,
      "avg_over_sqrtN": 1.260046,
      "best_set_prefix": [
        5,
        67,
        73,
        77,
        106,
        144,
        160,
        194,
        227,
        300,
        307,
        331,
        363,
        369,
        442,
        617,
        634,
        641,
        730,
        733,
        823,
        892,
        904,
        1026,
        1068,
        1136,
        1172,
        1191,
        1203,
        1231,
        1360,
        1381,
        1555,
        1572,
        1585,
        1599,
        1639,
        1772,
        1775,
        1823
      ]
    },
    {
      "N": 3600,
      "restarts": 160,
      "best_size": 77,
      "avg_size": 73.6188,
      "best_over_sqrtN": 1.283333,
      "avg_over_sqrtN": 1.226979,
      "best_set_prefix": [
        1,
        23,
        31,
        32,
        39,
        53,
        59,
        75,
        214,
        356,
        362,
        391,
        400,
        423,
        459,
        476,
        490,
        505,
        529,
        541,
        562,
        661,
        683,
        692,
        800,
        818,
        829,
        880,
        982,
        1137,
        1162,
        1175,
        1420,
        1421,
        1453,
        1530,
        1540,
        1589,
        1609,
        1615
      ]
    },
    {
      "N": 5000,
      "restarts": 160,
      "best_size": 88,
      "avg_size": 84.6563,
      "best_over_sqrtN": 1.244508,
      "avg_over_sqrtN": 1.19722,
      "best_set_prefix": [
        1,
        16,
        92,
        93,
        116,
        124,
        163,
        214,
        237,
        249,
        280,
        383,
        387,
        533,
        640,
        658,
        659,
        673,
        688,
        707,
        723,
        914,
        1185,
        1332,
        1367,
        1412,
        1531,
        1558,
        1601,
        1680,
        1801,
        1811,
        1880,
        1881,
        1904,
        2110,
        2144,
        2209,
        2264,
        2357
      ]
    },
    {
      "N": 6000,
      "restarts": 160,
      "best_size": 94,
      "avg_size": 90.9875,
      "best_over_sqrtN": 1.213535,
      "avg_over_sqrtN": 1.174644,
      "best_set_prefix": [
        11,
        16,
        53,
        90,
        106,
        118,
        139,
        220,
        268,
        330,
        456,
        513,
        532,
        727,
        789,
        819,
        848,
        930,
        950,
        1139,
        1145,
        1158,
        1353,
        1369,
        1386,
        1509,
        1558,
        1638,
        1680,
        1799,
        1925,
        2062,
        2208,
        2267,
        2285,
        2461,
        2505,
        2552,
        2610,
        2685
      ]
    },
    {
      "N": 8000,
      "restarts": 160,
      "best_size": 106,
      "avg_size": 102.6813,
      "best_over_sqrtN": 1.185116,
      "avg_over_sqrtN": 1.148011,
      "best_set_prefix": [
        140,
        158,
        204,
        215,
        229,
        233,
        238,
        271,
        295,
        370,
        494,
        578,
        716,
        939,
        951,
        1153,
        1240,
        1351,
        1362,
        1463,
        1481,
        1515,
        1535,
        1633,
        1648,
        1746,
        1755,
        1790,
        1791,
        1866,
        1954,
        1988,
        2000,
        2063,
        2088,
        2219,
        2254,
        2369,
        2576,
        2600
      ]
    },
    {
      "N": 10000,
      "restarts": 160,
      "best_size": 117,
      "avg_size": 112.7,
      "best_over_sqrtN": 1.17,
      "avg_over_sqrtN": 1.127,