{
  "generated_utc": "2026-03-01T12:50:42.893Z",
  "results": [
    {
      "N": 2000,
      "rand_greedy_score": 0.5302683201352333
    },
    {
      "N": 3000,
      "rand_greedy_score": 0.5340580119223476
    },
    {
      "N": 5000,
      "rand_greedy_score": 0.5216405174179217
    }
  ]
}